Full Name,Business Phone,Address 1: Address Type,Address 1: City,Address 1: Country/Region,Address 1: County,Address 1: Fax,Address 1: Freight Terms,Address 1: Latitude,Address 1: Longitude,Address 1: Name,Address 1: Phone,Address 1: Post Office Box,Address 1: Primary Contact Name,Address 1: Shipping Method,Address 1: State/Province,Address 1: Street 1,Address 1: Street 2,Address 1: Street 3,Address 1: Telephone 2,Address 1: Telephone 3,Address 1: UPS Zone,Address 1: UTC Offset,Address 1: ZIP/Postal Code,Address 2: Address Type,Address 2: City,Address 2: Country/Region,Address 2: County,Address 2: Fax,Address 2: Freight Terms,Address 2: Latitude,Address 2: Longitude,Address 2: Name,Address 2: Post Office Box,Address 2: Primary Contact Name,Address 2: Shipping Method,Address 2: State/Province,Address 2: Street 1,Address 2: Street 2,Address 2: Street 3,Address 2: Telephone 1,Address 2: Telephone 2,Address 2: Telephone 3,Address 2: UPS Zone,Address 2: UTC Offset,Address 2: ZIP/Postal Code,Aging 30,Aging 60,Aging 90,Anniversary,Annual Income,Assistant,Assistant Phone,Backoffice Customer,Birthday,Childrens Names,Created By,Created On,Credit Hold,Credit Limit,Customer Size,Department,Description,Do not allow Bulk E-mails,Do not allow Bulk Mails,Do not allow E-mails,Do not allow Faxes,Do not allow Mails,Do not allow Phone Calls,Education,E-mail,E-mail Address 2,E-mail Address 3,Employee,Fax,First Name,FTP Site,Gender,Government,Has Children,Home Phone,Job Title,Last Date Included in Campaign,Last Name,Lead Source,Manager,Manager Phone,Marital Status,Middle Name,Mobile Phone,Modified By,Modified On,Nickname,No. of Children,Originating Lead,Owner,Pager,Parent Customer,Payment Terms,Preferred Day,Preferred Facility/Equipment,Preferred Method of Contact,Preferred Service,Preferred Time,Preferred User,Price List,Relationship Type,Role,Salutation,Send Marketing Materials,Shipping Method,Spouse Name,Status,Status Reason,Suffix,Telephone 3,Territory,Web Site,Yomi First Name,Yomi Full Name,Yomi Last Name,Yomi Middle Name
Adrian Dumitrascu,555-0156,,Redmond,U.S.,,,,,,,,,,,WA,249 Alexander Pl.,,,,,,,86372,,,,,,,,,,,,,,,,,,,,,,,,,,,,,,,,,First name Last name,6/26/2007,,,,,,,,Allow,Do Not Allow,Allow,Allow,,someone@example.com,,,,,Adrian,,Male,,,,Purchasing Assistant,,Dumitrascu,,,,,,,First name Last name,6/26/2007,,,,Jose Curry,,Active Cycling,,,,,,,,,,,Sr.,Yes,,,Active,Active,,,,,,,,
Alan Brewer,555-0123,,Redmond,U.S.,,,,,,,,,,,WA,6097 Mt. Mckinley Ct.,,,,,,,19692,,,,,,,,,,,,,,,,,,,,,,,,,,,,,,,,,First name Last name,6/26/2007,,,,,,,,Allow,Allow,Allow,Allow,,someone@example.com,,,,,Alan,,Male,,,,Purchasing Assistant,,Brewer,,,,,,,First name Last name,6/26/2007,,,,Jose Curry,,Lots of Bikes Storehouse,,,,Any,,,,,,,Mr.,Yes,,,Active,Active,,,,,,,,
Alan Waxman,555-0189,,Seattle,U.S.,,,,,,,,,,,WA,136 Balboa Court,,,,,,,44912,,,,,,,,,,,,,,,,,,,,,,,,,,,,,,,,,First name Last name,6/26/2007,,,,,,,,Allow,Allow,Allow,Allow,,someone@example.com,,,,,Alan,,Male,,,,Purchasing Assistant,,Waxman,,,,,,,First name Last name,6/26/2007,,,,Gail Erickson,,,,,,,,,,,,,Mr.,Yes,,,Active,Active,,,,,,,,
Alex Hankin,555-0104,,Carnation,U.S.,,,,,,,,,,,WA,390 Ridgewood Ct.,,,,,,,16105,,,,,,,,,,,,,,,,,,,,,,,,,,,,,,,,,First name Last name,6/26/2007,,,,,,,,Allow,Allow,Allow,Allow,,someone@example.com,,,,,Alex,,Male,,,,Owner,,Hankin,,,,,,,First name Last name,6/26/2007,,,,Gail Erickson,,Maintenance and Repair for Bicycles,,,,,,,,,,,Mr.,Yes,,,Active,Active,,,,,,,,
Alex Litton,555-0135,,Seattle,U.S.,,,,,,,,,,,WA,1102 Ravenwood,,,,,,,29617,,,,,,,,,,,,,,,,,,,,,,,,,,,,,,,,,First name Last name,6/26/2007,,,,,,,,Allow,Allow,Allow,Allow,,someone@example.com,,,,,Alex,,Male,,,,Manager,,Litton,,,,,,,First name Last name,6/26/2007,,,,Gail Erickson,,,,,,,,,,,,,Mr.,Yes,,,Active,Active,,,,,,,,
Alice Ciccu,555-0135,,Seattle,U.S.,,,,,,,,,,,WA,6843 San Simeon Dr.,,,,,,,51307,,,,,,,,,,,,,,,,,,,,,,,,,,,,,,,,,First name Last name,6/26/2007,,,,,,,,Allow,Allow,Allow,Allow,,someone@example.com,,,,,Alice,,Male,,,,Manager,,Ciccu,,,,,,,First name Last name,6/26/2007,,,,Jose Curry,,,,,,E-mail,,,,,,,Mr.,Yes,,,Active,Active,,,Default Value,,,,,
Allison Brown,555-0127,,Monroe,U.S.,,,,,,,,,,,WA,2275 Vallejo,,,,,,,60112,,,,,,,,,,,,,,,,,,,,,,,,,,,,,,,,,First name Last name,6/26/2007,,,,,,,,Allow,Allow,Allow,Allow,,someone@example.com,,,,,Allison,,Male,,,,Assistant Manager,,Brown,,,,,,,First name Last name,6/26/2007,,,,Jose Curry,,Basic Bike Company,,,,E-mail,,,,,,,Mr.,Yes,,,Active,Active,,,Default Value,,,,,
Alvin Torre,555-0165,,Redmond,U.S.,,,,,,,,,,,WA,8000 Kiska Court,,,,,,,34855,,,,,,,,,,,,,,,,,,,,,,,,,,,,,,,,,First name Last name,6/26/2007,,,,,,,,Allow,Allow,Allow,Allow,,someone@example.com,,,,,Alvin,,Male,,,,Owner,,Torre,,,,,J.,,First name Last name,6/26/2007,,,,Jose Curry,,The Cycle Store,,,,E-mail,,,,,,,Mr.,Yes,,,Active,Active,,,Default Value,,,,,
Anders Madsen,555-0127,,Gold Bar,U.S.,,,,,,,,,,,WA,9605 Pheasant Circle,,,,,,,47352,,,,,,,,,,,,,,,,,,,,,,,,,,,,,,,,,First name Last name,6/26/2007,,,,,,,,Allow,Allow,Allow,Allow,,someone@example.com,,,,,Anders,,Male,,,,Purchase assistant,,Madsen,,,,,,,First name Last name,6/26/2007,,,,Alan Jackson,,Solid Bike Parts,,,,Any,,,,,,,Mr.,Yes,,,Active,Active,,,,,,,,
Ann Beebe,555-0123,,Carnation,U.S.,,,,,,,,,,,WA,9666 Northridge Ct.,,,,,,,24525,,,,,,,,,,,,,,,,,,,,,,,,,,,,,,,,,First name Last name,6/26/2007,,,,,,,,Allow,Allow,Allow,Allow,,someone@example.com,,,,,Ann,,Female,,,,Owner,,Beebe,,,,,,,First name Last name,6/26/2007,,,,Gail Erickson,,Major Sporting Goods,,,,,,,,,,,Ms.,Yes,,,Active,Active,,,,,,,,
Anna Bedecs,555-0176,,Monroe,U.S.,,,,,,,,,,,WA,1792 Belmont Rd.,,,,,,,40520,,,,,,,,,,,,,,,,,,,,,,,,,,,,,,,,,First name Last name,6/26/2007,,,,,,,,Allow,Allow,Allow,Allow,,someone@example.com,,,,,Anna,,Male,,,,Manager,,Bedecs,,,,,,,First name Last name,6/26/2007,,,,Jose Curry,,Best o' Bikes,,,,E-mail,,,,,,,Ms.,Yes,,,Active,Active,,,Default Value,,,,,
Ben Miller,555-0165,,Newport Hills,U.S.,,,,,,,,,,,WA,1397 Paraiso Ct.,,,,,,,97953,,,,,,,,,,,,,,,,,,,,,,,,,,,,,,,,,First name Last name,6/26/2007,,,,,,,,Allow,Allow,Allow,Allow,,someone@example.com,,,,,Ben,,Male,,,,Purchasing Manager,,Miller,,,,,,,First name Last name,6/26/2007,,,,Alan Jackson,,Next-Door Bike Store,,,,Any,,,,,,,Mr.,Yes,,,Active,Active,,,,,,,,
Betty Haines,555-0175,,Everett,U.S.,,,,,,,,,,,WA,3385 Crestview Drive,,,,,,,39182,,,,,,,,,,,,,,,,,,,,,,,,,,,,,,,,,First name Last name,6/26/2007,,,,,,,,Allow,Allow,Allow,Allow,,someone@example.com,,,,,Betty,,Male,,,,Assistant Manager,,Haines,,,,,M.,,First name Last name,6/26/2007,,,,Jose Curry,,The Cracker Box,,,,E-mail,,,,,,,Ms.,Yes,,,Active,Active,,,,,,,,
Bill Malone,555-0171,,Newport Hills,U.S.,,,,,,,,,,,WA,9687 Shakespeare Drive,,,,,,,44269,,,,,,,,,,,,,,,,,,,,,,,,,,,,,,,,,First name Last name,6/26/2007,,,,,,,,Allow,Allow,Allow,Allow,,someone@example.com,,,,,Bill,,Male,,,,Purchasing Manager,,Malone,,,,,,,First name Last name,6/26/2007,,,,Alan Jackson,,Litware Inc.,,,,Any,,,,,,,Mr.,Yes,,,Active,Active,,,,,,,,
Bob Gage,555-0160,,Everett,U.S.,,,,,,,,,,,WA,5452 Corte Gilberto,,,,,,,64622,,,,,,,,,,,,,,,,,,,,,,,,,,,,,,,,,First name Last name,6/26/2007,,,,,,,,Allow,Allow,Allow,Allow,,someone@example.com,,,,,Bob,,Male,,,,Tour Director,,Gage,,,,,,,First name Last name,6/26/2007,,,,Jose Curry,,Weekend Tours,,,,E-mail,,,,,,,Mr.,Yes,,,Active,Active,,,,,,,,
Brain LaMee,555-0135,,Issaquah,U.S.,,,,,,,,,,,WA,5979 El Pueblo,,,,,,,23382,,,,,,,,,,,,,,,,,,,,,,,,,,,,,,,,,First name Last name,6/26/2007,,,,,,,,Allow,Allow,Allow,Allow,,someone@example.com,,,,,Brain,,Male,,,,Owner,,LaMee,,,,,,,First name Last name,6/26/2007,,,,Alan Jackson,,Steady bikes,,,,Any,,,,,,,Mr.,Yes,,,Active,Active,,,,,,,,
Brannon Jones,555-0151,,Everett,U.S.,,,,,,,,,,,WA,3238 Laguna Circle,,,,,,,10983,,,,,,,,,,,,,,,,,,,,,,,,,,,,,,,,,First name Last name,6/26/2007,,,,,,,,Do Not Allow,Allow,Allow,Allow,,someone@example.com,,,,,Brannon,,Male,,,,Owner,,Jones,,,,,,,First name Last name,6/26/2007,,,,Alan Jackson,,New and Used Bicycles,,,,E-mail,,,,,,,Mr.,Yes,,,Active,Active,,,,,,,,
Brian Groth,555-0138,,Everett,U.S.,,,,,,,,,,,WA,7883 Mitchell Canyon Court,,,,,,,55288,,,,,,,,,,,,,,,,,,,,,,,,,,,,,,,,,First name Last name,6/26/2007,,,,,,,,Allow,Allow,Allow,Allow,,someone@example.com,,,,,Brian,,Male,,,,Owner,,Groth,,,,,,,First name Last name,6/26/2007,,,,Jose Curry,,Front Sporting Goods,,,,E-mail,,,,,,,Mr.,Yes,,,Active,Active,,,Default Value,,,,,
Brian Lengel,555-0178,,Seattle,U.S.,,,,,,,,,,,WA,1064 Slavio,,,,,,,81192,,,,,,,,,,,,,,,,,,,,,,,,,,,,,,,,,First name Last name,6/26/2007,,,,,,,,Allow,Allow,Allow,Allow,,someone@example.com,,,,,Brian,,Male,,,,Purchasing Assistant,,Lengel,,,,,,,First name Last name,6/26/2007,,,,Gail Erickson,,,,,,,,,,,,,Mr.,Yes,,,Active,Active,,,,,,,,
Bruno Denuit,555-0170,,Issaquah,U.S.,,,,,,,,,,,WA,5256 Chickpea Ct.,,,,,,,29195,,,,,,,,,,,,,,,,,,,,,,,,,,,,,,,,,First name Last name,6/26/2007,,,,,,,,Allow,Allow,Allow,Allow,,someone@example.com,,,,,Bruno,,Male,,,,Purchase assistant,,Denuit,,,,,,,First name Last name,6/26/2007,,,,Alan Jackson,,Ever winning bikes,,,,Any,,,,,,,Mr.,Yes,,,Active,Active,,,,,,,,
Caroline Vicknair,555-0112,,Everett,U.S.,,,,,,,,,,,WA,6629 Polson Circle,,,,,,,53422,,,,,,,,,,,,,,,,,,,,,,,,,,,,,,,,,First name Last name,6/26/2007,,,,,,,,Allow,Allow,Allow,Allow,,someone@example.com,,,,,Caroline,,Female,,,,Owner,,Vicknair,,,,,A.,,First name Last name,6/26/2007,,,,Alan Jackson,,Wide World Importers,,,,,,,,,,,Ms.,Yes,,,Active,Active,,,,,,,,
Cat Francis,555-0178,,Duvall,U.S.,,,,,,,,,,,WA,5086 Nottingham Place,,,,,,,16982,,,,,,,,,,,,,,,,,,,,,,,,,,,,,,,,,First name Last name,6/26/2007,,,,,,,,Allow,Allow,Allow,Allow,,someone@example.com,,,,,Cat,,Male,,,,Owner,,Francis,,,,,,,First name Last name,6/26/2007,,,,Jose Curry,,Orange Bicycle Company,,,,E-mail,,,,,,,Mr.,Yes,,,Active,Active,,,Default Value,,,,,
Cathan Cook,555-0158,,Monroe,U.S.,,,,,,,,,,,WA,3747 Likins Avenue,,,,,,,37925,,,,,,,,,,,,,,,,,,,,,,,,,,,,,,,,,First name Last name,6/26/2007,,,,,,,,Allow,Allow,Allow,Allow,,someone@example.com,,,,,Cathan,,Male,,,,Manager,,Cook,,,,,,,First name Last name,6/26/2007,,,,Jose Curry,,Exemplary Cycles,,,,E-mail,,,,,,,Mr.,Yes,,,Active,Active,,,Default Value,,,,,
Cesar Garcia,555-0199,,Index,U.S.,,,,,,,,,,,WA,1748 Bermad Drive,,,,,,,30147,,,,,,,,,,,,,,,,,,,,,,,,,,,,,,,,,First name Last name,6/26/2007,,,,,,,,Allow,Allow,Allow,Allow,,someone@example.com,,,,,Cesar,,Male,,,,Purchase assistant,,Garcia,,,,,,,First name Last name,6/26/2007,,,,Alan Jackson,,Designer Bikes,,,,Any,,,,,,,Ms.,Yes,,,Active,Active,,,,,,,,
Chris Ashton,555-1010,,Seattle,U.S.,,,,,,,,,,,WA,9537 Ridgewood Drive,,,,,,,56281,,,,,,,,,,,,,,,,,,,,,,,,,,,,,,,,,First name Last name,6/26/2007,,,,,,,,Allow,Allow,Allow,Allow,,someone@example.com,,,,,Chris,,Male,,,,Purchasing Assistant,,Ashton,,,,,,,First name Last name,6/26/2007,,,,Gail Erickson,,Imported Sports Store,,,,,,,,,,,Mr.,Yes,,,Active,Active,,,,,,,,
Chris Meyer,555-0179,,Monroe,U.S.,,,,,,,,,,,WA,5030 Blue Ridge Dr.,,,,,,,35227,,,,,,,,,,,,,,,,,,,,,,,,,,,,,,,,,First name Last name,6/26/2007,,,,,,,,Allow,Allow,Allow,Allow,,someone@example.com,,,,,Chris,,Female,,,,Purchasing Manager,,Meyer,,,,,,,First name Last name,6/26/2007,,,,Jose Curry,,Economy Bikes Company,,,,E-mail,,,,,,,Mr.,Yes,,,Active,Active,,,Default Value,,,,,
Jane Dow,,,,,,,,,,,,,,,,,,,,,,,,,,,,,,,,,,,,,,,,,,,,,,,,,,,,,,,,,,,,,,,,,,,,,,,,,,,Jane,,,,,,,,Dow,,,,,M.,,First name Last name,6/26/2007,,,,Jose Curry,,Tailspin Toys,,,,,,,,,,,Ms.,Yes,,,Active,Active,,,,,,,,
Cindy Dodd,555-0166,,Snohomish,U.S.,,,,,,,,,,,WA,1285 Greenbrier Street,,,,,,,72406,,,,,,,,,,,,,,,,,,,,,,,,,,,,,,,,,First name Last name,6/26/2007,,,,,,,,Allow,Allow,Allow,Allow,,someone@example.com,,,,,Cindy,,Male,,,,Purchasing Manager,,"Dodd,",,,,,,,First name Last name,6/26/2007,,,,Jose Curry,,Curbside Sporting Goods,,,,E-mail,,,,,,,Mr.,Yes,,,Active,Active,,,Default Value,,,,,
Connie Coffman,555-0112,,Sammamish,U.S.,,,,,,,,,,,WA,7939 Bayview Court,,,,,,,18391,,,,,,,,,,,,,,,,,,,,,,,,,,,,,,,,,First name Last name,6/26/2007,,,,,,,,Allow,Allow,Allow,Allow,,someone@example.com,,,,,Connie,,Female,,,,Purchasing Manager,,Coffman,,,,,L.,,First name Last name,6/26/2007,,,,Jose Curry,,Discount Bicycle Specialists,,,,E-mail,,,,,,,Ms.,Yes,,,Active,Active,,,,,,,,
Daniel Thompson,555-0188,,Snohomish,U.S.,,,,,,,,,,,WA,2601 Cambridge Drive,,,,,,,26367,,,,,,,,,,,,,,,,,,,,,,,,,,,,,,,,,First name Last name,6/26/2007,,,,,,,,Allow,Allow,Allow,Allow,,someone@example.com,,,,,Daniel,,Male,,,,Office Manager,,Thompson,,,,,,,First name Last name,6/26/2007,,,,Jose Curry,,Bike Boutique,,,,E-mail,,,,,,,Mr.,Yes,,,Active,Active,,,Default Value,,,,,
Darren Parker,555-0156,,Issaquah,U.S.,,,,,,,,,,,WA,7691 Benedict Ct.,#141,,,,,,57065,,,,,,,,,,,,,,,,,,,,,,,,,,,,,,,,,First name Last name,6/26/2007,,,,,,,,Allow,Allow,Allow,Allow,,someone@example.com,,,,,Darren,,Male,,,,Purchase assistant,,Parker,,,,,,,First name Last name,6/26/2007,,,,Alan Jackson,,Cheap n Best bikes,,,,Any,,,,,,,Mr.,Yes,,,Active,Active,,,,,,,,
Darrius Stasevicius,555-0125,,Snohomish,U.S.,,,,,,,,,,,WA,3280 Pheasant Circle,,,,,,,27556,,,,,,,,,,,,,,,,,,,,,,,,,,,,,,,,,First name Last name,6/26/2007,,,,,,,,Allow,Allow,Allow,Allow,,someone@example.com,,,,,Darrius,,Male,,,,Office Manager,,Stasevicius,,,,,,,First name Last name,6/26/2007,,,,Jose Curry,,Advanced Bike Components,,,,E-mail,,,,,,,Mr.,Yes,,,Active,Active,,,Default Value,,,,,
David Campbell,555-0142,,Index,U.S.,,,,,,,,,,,WA,3127 El Camino Drive,,,,,,,45129,,,,,,,,,,,,,,,,,,,,,,,,,,,,,,,,,First name Last name,6/26/2007,,,,,,,,Allow,Allow,Allow,Allow,,someone@example.com,,,,,David,,Male,,,,Purchase assistant,,Campbell,,,,,,,First name Last name,6/26/2007,,,,Alan Jackson,,Speedy bikes store,,,,Any,,,,,,,Mr.,Yes,,,Active,Active,,,,,,,,
David Jones,555-0151,,Duvall,U.S.,,,,,,,,,,,WA,3421 Boyd Road,,,,,,,53772,,,,,,,,,,,,,,,,,,,,,,,,,,,,,,,,,First name Last name,6/26/2007,,,,,,,,Allow,Allow,Allow,Allow,,someone@example.com,,,,,David,,Male,,,,Purchasing Manager,,Jones,,,,,,,First name Last name,6/26/2007,,,,Gail Erickson,,Little Bicycle Supply Shop,,,,,,,,,,,Mr.,Yes,,,Active,Active,,,,,,,,
David Liu,555-0198,,Issaquah,U.S.,,,,,,,,,,,WA,8585 Morengo Ct.,,,,,,,56621,,,,,,,,,,,,,,,,,,,,,,,,,,,,,,,,,First name Last name,6/26/2007,,,,,,,,Allow,Allow,Allow,Allow,,someone@example.com,,,,,David,,Male,,,,Purchase assistant,,Liu,,,,,J,,First name Last name,6/26/2007,,,,Alan Jackson,,Warm bikes,,,,Any,,,,,,,Mr.,Yes,,,Active,Active,,,,,,,,
David Martínez,555-0179,,Seattle,U.S.,,,,,,,,,,,WA,77 Birchwood,,,,,,,98756,,,,,,,,,,,,,,,,,,,,,,,,,,,,,,,,,First name Last name,6/26/2007,,,,,,,,Allow,Allow,Allow,Allow,,someone@example.com,,,,,David,,Male,,,,Manager,,Martínez,,,,,,,First name Last name,6/26/2007,,,,Gail Erickson,,,,,,,,,,,,,Mr.,Yes,,,Active,Active,,,,,,,,
David Simpson,555-0156,,Seattle,U.S.,,,,,,,,,,,WA,7403 N. Broadway,,,,,,,38217,,,,,,,,,,,,,,,,,,,,,,,,,,,,,,,,,First name Last name,6/26/2007,,,,,,,,Allow,Allow,Allow,Allow,,someone@example.com,,,,,David,,Male,,,,Office Manager,,Simpson,,,,,,,First name Last name,6/26/2007,,,,Gail Erickson,,Fast and Fun Bikes,,,,,,,,,,,Mr.,Yes,,,Active,Active,,,,,,,,
Dorothy Fox,555-0128,,Redmond,U.S.,,,,,,,,,,,WA,3768 Dorset Way,,,,,,,14107,,,,,,,,,,,,,,,,,,,,,,,,,,,,,,,,,First name Last name,6/26/2007,,,,,,,,Allow,Allow,Allow,Allow,,someone@example.com,,,,,Dorothy,,Female,,,,Purchasing Manager,,Fox,,,,,J.,,First name Last name,6/26/2007,,,,Jose Curry,,Cash and Carry Bikes,,,,E-mail,,,,,,,Ms.,Yes,,,Active,Active,,,,,,,,
Dylan Miller,555-0161,,Everett,U.S.,,,,,,,,,,,WA,181 Gainsborough Drive,,,,,,,39583,,,,,,,,,,,,,,,,,,,,,,,,,,,,,,,,,First name Last name,6/26/2007,,,,,,,,Allow,Allow,Allow,Allow,,someone@example.com,,,,,Dylan,,Male,,,,Owner,,Miller,,,,,,,First name Last name,6/26/2007,,,,Jose Curry,,The Cracker Box,,,,E-mail,,,,,,,Mr.,Yes,,,Active,Active,,,,,,,,
Elly Nkya,555-1010,,Index,U.S.,,,,,,,,,,,WA,310 Witherseed Lane,,,,,,,49484,,,,,,,,,,,,,,,,,,,,,,,,,,,,,,,,,First name Last name,6/26/2007,,,,,,,,Allow,Allow,Allow,Allow,,someone@example.com,,,,,Elly,,Male,,,,Purchase assistant,,Nkya,,,,,,,First name Last name,6/26/2007,,,,Alan Jackson,,Zip Bikes and Accessories,,,,Any,,,,,,,Ms.,Yes,,,Active,Active,,,,,,,,
Erin Hagens,555-0174,,Duvall,U.S.,,,,,,,,,,,WA,5379 Treasure Island Way,,,,,,,75958,,,,,,,,,,,,,,,,,,,,,,,,,,,,,,,,,First name Last name,6/26/2007,,,,,,,,Allow,Allow,Allow,Allow,,someone@example.com,,,,,Erin,,Male,,,,Owner,,Hagens,,,,,M,,First name Last name,6/26/2007,,,,Jose Curry,,Widget Bicycle Specialists,,,,E-mail,,,,,,,Ms.,Yes,,,Active,Active,,,Default Value,,,,,
Eva Corets,555-0138,,Issaquah,U.S.,,,,,,,,,,,WA,989 Caravelle Ct,,,,,,,33597,,,,,,,,,,,,,,,,,,,,,,,,,,,,,,,,,First name Last name,6/26/2007,,,,,,,,Allow,Allow,Allow,Allow,,someone@example.com,,,,,Eva,,Male,,,,Purchase assistant,,Corets,,,,,,,First name Last name,6/26/2007,,,,Alan Jackson,,Ever lasting bikes,,,,Any,,,,,,,Mr.,Yes,,,Active,Active,,,Default Value,,,,,
Forrest Chand,555-0198,,Snohomish,U.S.,,,,,,,,,,,WA,7230 Berrellesa Street,,,,,,,78800,,,,,,,,,,,,,,,,,,,,,,,,,,,,,,,,,First name Last name,6/26/2007,,,,,,,,Allow,Allow,Allow,Allow,,someone@example.com,,,,,Forrest,,Male,,,,Manager,,Chand,,,,,,,First name Last name,6/26/2007,,,,Jose Curry,,Big-Time Bike Store,,,,E-mail,,,,,,,Mr.,Yes,,,Active,Active,,,Default Value,,,,,
Gabriele Cannata,555-0168,,Redmond,U.S.,,,,,,,,,,,WA,7723 Firestone Drive,,,,,,,32147,,,,,,,,,,,,,,,,,,,,,,,,,,,,,,,,,First name Last name,6/26/2007,,,,,,,,Do Not Allow,Allow,Do Not Allow,Allow,,someone@example.com,,,,,Gabriele,,Female,,,,Purchasing Assistant,,Cannata,,,,,,,First name Last name,6/26/2007,,,,Jose Curry,,The Cracker Box,,,,E-mail,,,,,,,Ms.,Yes,,,Active,Active,,,,,,,,
George Sullivan,555-0142,,Seattle,U.S.,,,,,,,,,,,WA,4948 West Th St,,,,,,,73683,,,,,,,,,,,,,,,,,,,,,,,,,,,,,,,,,First name Last name,6/26/2007,,,,,,,,Allow,Allow,Allow,Allow,,someone@example.com,,,,,George,,Male,,,,Owner,,Sullivan,,,,,,,First name Last name,6/26/2007,,,,Gail Erickson,,,,,,,,,,,,,Mr.,Yes,,,Active,Active,,,,,,,,
Glenn Trach,555-0144,,Redmond,U.S.,,,,,,,,,,,WA,8467 Clifford Court,,,,,,,95386,,,,,,,,,,,,,,,,,,,,,,,,,,,,,,,,,First name Last name,6/26/2007,,,,,,,,Allow,Allow,Allow,Allow,,someone@example.com,,,,,Glenn,,Male,,,,Assistant Manager,,Trach,,,,,J.,,First name Last name,6/26/2007,,,,Jose Curry,,Grand Cycle Store,,,,E-mail,,,,,,,Mr.,Yes,,,Active,Active,,,,,,,,
H. Valentine,555-0190,,Everett,U.S.,,,,,,,,,,,WA,3665 Oak Creek Ct.,,,,,,,92694,,,,,,,,,,,,,,,,,,,,,,,,,,,,,,,,,First name Last name,6/26/2007,,,,,,,,Allow,Allow,Allow,Allow,,someone@example.com,,,,,H.,,Male,,,,Owner,,Valentine,,,,,Brian,,First name Last name,6/26/2007,,,,Alan Jackson,,Recreation Supplies,,,,,,,,,,,Mr.,Yes,,,Active,Active,,,,,,,,
Hannah Arakawa,555-0171,,Redmond,U.S.,,,,,,,,,,,WA,6369 Ellis Street,,,,,,,74575,,,,,,,,,,,,,,,,,,,,,,,,,,,,,,,,,First name Last name,6/26/2007,,,,,,,,Allow,Allow,Allow,Allow,,someone@example.com,,,,,Hannah,,Female,,,,Purchasing Manager,,Arakawa,,,,,R.,,First name Last name,6/26/2007,,,,Jose Curry,,Leading Bike Distributors,,,,,,,,,,,Ms.,Yes,,,Active,Active,,,Default Value,,,,,
Hanying Feng,555-0161,,Issaquah,U.S.,,,,,,,,,,,WA,1921 Garcia Ranch Road,,,,,,,37490,,,,,,,,,,,,,,,,,,,,,,,,,,,,,,,,,First name Last name,6/26/2007,,,,,,,,Allow,Allow,Allow,Allow,,someone@example.com,,,,,Hanying,,Male,,,,Purchase assistant,,Feng,,,,,,,First name Last name,6/26/2007,,,,Alan Jackson,,Latest sports bikes,,,,Any,,,,,,,Mr.,Yes,,,Active,Active,,,,,,,,
Herbert Dorner,555-0135,,Kenmore,U.S.,,,,,,,,,,,WA,3880 Batacao,,,,,,,52935,,,,,,,,,,,,,,,,,,,,,,,,,,,,,,,,,First name Last name,6/26/2007,,,,,,,,Allow,Allow,Allow,Allow,,someone@example.com,,,,,Herbert,,Male,,,,Owner,,Dorner,,,,,,,First name Last name,6/26/2007,,,,Jose Curry,,A Bike Store,,,,E-mail,,,,,,,Mr.,Yes,,,Active,Active,,,Default Value,,,,,
Hung-Fu Ting,555-0116,,Redmond,U.S.,,,,,,,,,,,WA,1960 Via Catanzaro,,,,,,,32712,,,,,,,,,,,,,,,,,,,,,,,,,,,,,,,,,First name Last name,6/26/2007,,,,,,,,Allow,Allow,Allow,Allow,,someone@example.com,,,,,Hung-Fu,,Male,,,,Owner,,Ting,,,,,,,First name Last name,6/26/2007,,,,Jose Curry,,Mobile Outlet,,,,E-mail,,,,,,,Mr.,Yes,,,Active,Active,,,,,,,,
Hussain Alshaikh,555-0178,,Seattle,U.S.,,,,,,,,,,,WA,6498 Minert Rd.,,,,,,,48229,,,,,,,,,,,,,,,,,,,,,,,,,,,,,,,,,First name Last name,6/26/2007,,,,,,,,Allow,Allow,Allow,Allow,,someone@example.com,,,,,Hussain,,Male,,,,Purchasing Assistant,,Alshaikh,,,,,,,First name Last name,6/26/2007,,,,Jose Curry,,,,,,E-mail,,,,,,,Mr.,Yes,,,Active,Active,,,Default Value,,,,,
Iben Thorell,555-0147,,Duvall,U.S.,,,,,,,,,,,WA,2598 La Vista Circle,,,,,,,15462,,,,,,,,,,,,,,,,,,,,,,,,,,,,,,,,,First name Last name,6/26/2007,,,,,,,,Allow,Allow,Allow,Allow,,someone@example.com,,,,,Iben,,Male,,,,Purchasing Manager,,Thorell,,,,,,,First name Last name,6/26/2007,,,,Jose Curry,,Extras Sporting Goods,,,,E-mail,,,,,,,Mr.,Yes,,,Active,Active,,,Default Value,,,,,
Ingrid Burkhardt,555-0135,,Newport Hills,U.S.,,,,,,,,,,,WA,1400 Gibrix Drive,,,,,,,98996,,,,,,,,,,,,,,,,,,,,,,,,,,,,,,,,,First name Last name,6/26/2007,,,,,,,,Allow,Allow,Allow,Allow,,someone@example.com,,,,,Ingrid,,Female,,,,Purchasing Manager,,Burkhardt,,,,,K.,,First name Last name,6/26/2007,,,,Alan Jackson,,Bike Universe,,,,Any,,,,,,,Ms.,Yes,,,Active,Active,,,,,,,,
Jake Zukowski,555-0149,,Renton,U.S.,,,,,,,,,,,WA,5670 Bel Air Dr.,,,,,,,74083,,,,,,,,,,,,,,,,,,,,,,,,,,,,,,,,,First name Last name,6/26/2007,,,,,,,,Allow,Allow,Allow,Allow,,someone@example.com,,,,,Jake,,Male,,,,Purchase assistant,,Zukowski,,,,,,,First name Last name,6/26/2007,,,,Alan Jackson,,Flying wheels,,,,Any,,,,,,,Mr.,Yes,,,Active,Active,,,,,,,,
Jan Stoklasa,555-0175,,Issaquah,U.S.,,,,,,,,,,,WA,3848 East 39th Street,,,,,,,78350,,,,,,,,,,,,,,,,,,,,,,,,,,,,,,,,,First name Last name,6/26/2007,,,,,,,,Allow,Allow,Allow,Allow,,someone@example.com,,,,,Jan,,Male,,,,Purchase assistant,,Stoklasa,,,,,,,First name Last name,6/26/2007,,,,Alan Jackson,,Amazing sports store,,,,Any,,,,,,,Mr.,Yes,,,Active,Active,,,,,,,,
Janeth Esteves,555-0138,,Monroe,U.S.,,,,,,,,,,,WA,3841 Silver Oaks Place,,,,,,,11949,,,,,,,,,,,,,,,,,,,,,,,,,,,,,,,,,First name Last name,6/26/2007,,,,,,,,Allow,Allow,Allow,Allow,,someone@example.com,,,,,Janeth,,Male,,,,Assistant Manager,,Esteves,,,,,,,First name Last name,6/26/2007,,,,Jose Curry,,Blue Bicycle Company,,,,E-mail,,,,,,,Mr.,Yes,,,Active,Active,,,Default Value,,,,,
Jay Adams,555-0145,,Redmond,U.S.,,,,,,,,,,,WA,3397 Rancho View Drive,,,,,,,90000,,,,,,,,,,,,,,,,,,,,,,,,,,,,,,,,,First name Last name,6/26/2007,,,,,,,,Allow,Allow,Allow,Allow,,someone@example.com,,,,,Jay,,Male,,,,Purchasing Assistant,,Adams,,,,,,,First name Last name,6/26/2007,,,,Jose Curry,,Litware Inc.,,,,,,,,,,,Mr.,Yes,,,Active,Active,,,,,,,,
Jeff Teper,555-0189,,Seattle,U.S.,,,,,,,,,,,WA,8656 Lakespring Place,,,,,,,66736,,,,,,,,,,,,,,,,,,,,,,,,,,,,,,,,,First name Last name,6/26/2007,,,,,,,,Allow,Allow,Allow,Allow,,someone@example.com,,,,,Jeff,,Male,,,,Purchasing Assistant,,Teper,,,,,,,First name Last name,6/26/2007,,,,Jose Curry,,,,,,E-mail,,,,,,,Mr.,Yes,,,Active,Active,,,Default Value,,,,,
Jelly Vissar,555-0168,,Gold Bar,U.S.,,,,,,,,,,,WA,3884 Bonifacio Street,#14,,,,,,11514,,,,,,,,,,,,,,,,,,,,,,,,,,,,,,,,,First name Last name,6/26/2007,,,,,,,,Allow,Allow,Allow,Allow,,someone@example.com,,,,,Jelly,,Male,,,,Purchase assistant,,Vissar,,,,,,,First name Last name,6/26/2007,,,,Alan Jackson,,Mobile Bike Store,,,,Any,,,,,,,Ms.,Yes,,,Active,Active,,,,,,,,
Jesper Aaberg,555-0173,,Duvall,U.S.,,,,,,,,,,,WA,1825 Corte Del Prado,,,,,,,79928,,,,,,,,,,,,,,,,,,,,,,,,,,,,,,,,,First name Last name,6/26/2007,,,,,,,,Allow,Allow,Allow,Allow,,someone@example.com,,,,,Jesper,,Male,,,,Purchasing Assistant,,Aaberg,,,,,,,First name Last name,6/26/2007,,,,Jose Curry,,Latest Sports Equipment,,,,E-mail,,,,,,,Mr.,Yes,,,Active,Active,,,Default Value,,,,,
Jim Wilson,555-0128,,Newport Hills,U.S.,,,,,,,,,,,WA,7469 Paraiso Ct.,,,,,,,34247,,,,,,,,,,,,,,,,,,,,,,,,,,,,,,,,,First name Last name,6/26/2007,,,,,,,,Allow,Allow,Allow,Allow,,someone@example.com,,,,,Jim,,Male,,,,Purchasing Manager,,Wilson,,,,,,,First name Last name,6/26/2007,,,,Alan Jackson,,Northwind Traders,,,,Any,,,,,,,Mr.,Yes,,,Active,Active,,,Default Value,,,,,
Jimmy Bischoff,555-0198,,Redmond,U.S.,,,,,,,,,,,WA,2427 Notre Dame Ave.,,,,,,,64660,,,,,,,,,,,,,,,,,,,,,,,,,,,,,,,,,First name Last name,6/26/2007,,,,,,,,Allow,Do Not Allow,Allow,Allow,,someone@example.com,,,,,Jimmy,,Male,,,,Purchasing Manager,,Bischoff,Default Value,,,,,,First name Last name,6/26/2007,,,,Jose Curry,,World Bike Discount Store,,,,Any,,,,,,,Mr.,Yes,,,Active,Active,,,Default Value,,,,,
Joe Andreshak,555-0198,,Seattle,U.S.,,,,,,,,,,,WA,502 Alexander Pl.,,,,,,,98856,,,,,,,,,,,,,,,,,,,,,,,,,,,,,,,,,First name Last name,6/26/2007,,,,,,,,Allow,Allow,Allow,Allow,,someone@example.com,,,,,Joe,,Male,,,,Office Manager,,Andreshak,,,,,,,First name Last name,6/26/2007,,,,Gail Erickson,,Rider's sports store,,,,,,,,,,,Mr.,Yes,,,Active,Active,,,,,,,,
Joe Healy,555-0128,,Seattle,U.S.,,,,,,,,,,,WA,5375 Clearland Circle,,,,,,,86967,,,,,,,,,,,,,,,,,,,,,,,,,,,,,,,,,First name Last name,6/26/2007,,,,,,,,Allow,Allow,Allow,Allow,,someone@example.com,,,,,Joe,,Male,,,,Purchasing Manager,,Healy,,,,,,,First name Last name,6/26/2007,,,,Gail Erickson,,Ride n Rave Bike store,,,,,,,,,,,Mr.,Yes,,,Active,Active,,,,,,,,
Izak Cohen,,,,,,,,,,,,,,,,,,,,,,,,,,,,,,,,,,,,,,,,,,,,,,,,,,,,,,,,,,,,,,,,,,,,,,,,,,,Izak,,,,,,,,Cohen,,,,,,,First name Last name,6/26/2007,,,,Jose Curry,,Bike Dealers Association,,,,E-mail,,,,,,,Mr.,Yes,,,Active,Active,,,Default Value,,,,,
John Colon,555-0190,,Sammamish,U.S.,,,,,,,,,,,WA,7086 O St.,,,,,,,42696,,,,,,,,,,,,,,,,,,,,,,,,,,,,,,,,,First name Last name,6/26/2007,,,,,,,,Allow,Allow,Allow,Allow,,someone@example.com,,,,,John,,Male,,,,Purchasing Manager,,Colon,Default Value,,,,L.,,First name Last name,6/26/2007,,,,Jose Curry,,Two Wheels Cycle Store,,,,E-mail,,,,,,,Mr.,Yes,,,Active,Active,,,Default Value,,,,,
John Donovan,555-0135,,Redmond,U.S.,,,,,,,,,,,WA,3066 Wallace Dr.,,,,,,,78508,,,,,,,,,,,,,,,,,,,,,,,,,,,,,,,,,First name Last name,6/26/2007,,,,,,,,Allow,Allow,Allow,Allow,,someone@example.com,,,,,John,,Male,,,,Owner,,Donovan,,,,,T.,,First name Last name,6/26/2007,,,,Jose Curry,,Weekend Tours,,,,,,,,,,,Mr.,Yes,,,Active,Active,,,,,,,,
John Solanki,555-0174,,Seattle,U.S.,,,,,,,,,,,WA,874 Olivera Road,,,,,,,54848,,,,,,,,,,,,,,,,,,,,,,,,,,,,,,,,,First name Last name,6/26/2007,,,,,,,,Allow,Allow,Allow,Allow,,someone@example.com,,,,,John,,Male,,,,Owner,,Solanki,,,,,,,First name Last name,6/26/2007,,,,Gail Erickson,,,,,,,,,,,,,Mr.,Yes,,,Active,Active,,,,,,,,
John Woods,555-0133,,Newport Hills,U.S.,,,,,,,,,,,WA,3030 Blackburn Ct.,,,,,,,66096,,,,,,,,,,,,,,,,,,,,,,,,,,,,,,,,,First name Last name,6/26/2007,,,,,,,,Allow,Allow,Allow,Allow,,someone@example.com,,,,,John,,Male,,,,Purchasing Manager,,Woods,,,,,,,First name Last name,6/26/2007,,,,Alan Jackson,,The Cracker Box,,,,Any,,,,,,,Mr.,Yes,,,Active,Active,,,,,,,,
Josh Barnhill,555-0192,,Seattle,U.S.,,,,,,,,,,,WA,7166 Brock Lane,,,,,,,49055,,,,,,,,,,,,,,,,,,,,,,,,,,,,,,,,,First name Last name,6/26/2007,,,,,,,,Allow,Allow,Allow,Allow,,someone@example.com,,,,,Josh,,Male,,,,Owner,,Barnhill,,,,,,,First name Last name,6/26/2007,,,,Gail Erickson,,Modern Bike Store,,,,,,,,,,,Mr.,Yes,,,Active,Active,,,,,,,,
Joy Koski,555-0121,,Sammamish,U.S.,,,,,,,,,,,WA,6202 Seeno St.,,,,,,,52673,,,,,,,,,,,,,,,,,,,,,,,,,,,,,,,,,First name Last name,6/26/2007,,,,,,,,Allow,Allow,Allow,Allow,,someone@example.com,,,,,Joy,,Female,,,,Owner,,Koski,Default Value,,,,R.,,First name Last name,6/26/2007,,,,Jose Curry,,Scooters and Bikes Store,,,,,,,,,,,Ms.,Yes,,,Active,Active,,,,,,,,
Karan Khanna,555-0133,,Issaquah,U.S.,,,,,,,,,,,WA,342 San Simeon,,,,,,,33545,,,,,,,,,,,,,,,,,,,,,,,,,,,,,,,,,First name Last name,6/26/2007,,,,,,,,Allow,Allow,Allow,Allow,,someone@example.com,,,,,Karan,,Male,,,,Owner,,Khanna,,,,,,,First name Last name,6/26/2007,,,,Alan Jackson,,Breathtaking sports goods,,,,Any,,,,,,,Mr.,Yes,,,Active,Active,,,,,,,,
Karren Burkhardt,555-0123,,Everett,U.S.,,,,,,,,,,,WA,2294 West 39th St.,,,,,,,28482,,,,,,,,,,,,,,,,,,,,,,,,,,,,,,,,,First name Last name,6/26/2007,,,,,,,,Allow,Allow,Allow,Allow,,someone@example.com,,,,,Karren,,Female,,,,Purchasing Manager,,Burkhardt,,,,,K.,,First name Last name,6/26/2007,,,,Alan Jackson,,Fifth Bike Store,,,,Any,,,,,,,Ms.,Yes,,,Active,Active,,,Default Value,,,,,
Kevin Kennedy,555-0170,,Everett,U.S.,,,,,,,,,,,WA,1185 Dallis Drive,,,,,,,70780,,,,,,,,,,,,,,,,,,,,,,,,,,,,,,,,,First name Last name,6/26/2007,,,,,,,,Allow,Allow,Allow,Allow,,someone@example.com,,,,,Kevin,,Male,,,,Manager,,Kennedy,,,,,,,First name Last name,6/26/2007,,,,Jose Curry,,Front Sporting Goods,,,,E-mail,,,,,,,Mr.,Yes,,,Active,Active,,,Default Value,,,,,
Kevin Liu,555-0145,,Gold Bar,U.S.,,,,,,,,,,,WA,2425 Notre Dame Ave,,,,,,,63081,,,,,,,,,,,,,,,,,,,,,,,,,,,,,,,,,First name Last name,6/26/2007,,,,,,,,Allow,Allow,Allow,Allow,,someone@example.com,,,,,Kevin,,Male,,,,Purchase assistant,,Liu,,,,,,,First name Last name,6/26/2007,,,,Alan Jackson,,Travel Systems,,,,Any,,,,,,,Mr.,Yes,,,Active,Active,,,,,,,,
Laurence Varlet,555-0157,,Monroe,U.S.,,,,,,,,,,,WA,5734 Ashford Court,,,,,,,93604,,,,,,,,,,,,,,,,,,,,,,,,,,,,,,,,,First name Last name,6/26/2007,,,,,,,,Allow,Allow,Allow,Allow,,someone@example.com,,,,,Laurence,,Male,,,,Owner,,Varlet,,,,,,,First name Last name,6/26/2007,,,,Jose Curry,,Bicycle Accessories and Kits,,,,E-mail,,,,,,,Mr.,Yes,,,Active,Active,,,Default Value,,,,,
Lawrence Hurkett,555-0122,,Redmond,U.S.,,,,,,,,,,,WA,1234 Rose Drive,,,,,,,12345,,,,,,,,,,,,,,,,,,,,,,,,,,,,,,,,,First name Last name,6/26/2007,,,,,,,,Allow,Allow,Allow,Allow,,someone@example.com,,,,,Lawrence,,Male,,,,Purchase Manager,,Hurkett,,,,,,,First name Last name,6/26/2007,,,,Jose Curry,,Ultimate Bike Shop,,,,E-mail,,,,,,,Mr.,Yes,,,Active,Active,,,Default Value,,,,,
Linda Blasingame,555-0116,,Everett,U.S.,,,,,,,,,,,WA,1962 Cunha Ct.,,,,,,,27502,,,,,,,,,,,,,,,,,,,,,,,,,,,,,,,,,First name Last name,6/26/2007,,,,,,,,Allow,Allow,Allow,Allow,,someone@example.com,,,,,Linda,,Female,,,,Owner,,Blasingame,,,,,E.,,First name Last name,6/26/2007,,,,Gail Erickson,,Travel Systems,,,,Any,,,,,,,Ms.,Yes,,,Active,Active,,,,,,,,
Linda Martin,555-0135,,Issaquah,U.S.,,,,,,,,,,,WA,7772 Golden Meadow,,,,,,,45504,,,,,,,,,,,,,,,,,,,,,,,,,,,,,,,,,First name Last name,6/26/2007,,,,,,,,Allow,Allow,Allow,Allow,,someone@example.com,,,,,Linda,,Male,,,,Purchase assistant,,Martin,,,,,,,First name Last name,6/26/2007,,,,Alan Jackson,,Superb sports goods,,,,Any,,,,,,,Mr.,Yes,,,Active,Active,,,Default Value,,,,,
Louise Tourbo,555-0116,,Renton,U.S.,,,,,,,,,,,WA,7985 Center Street,,,,,,,31242,,,,,,,,,,,,,,,,,,,,,,,,,,,,,,,,,First name Last name,6/26/2007,,,,,,,,Allow,Allow,Allow,Allow,,someone@example.com,,,,,Louise,,Male,,,,Purchase assistant,,Tourbo,,,,,,,First name Last name,6/26/2007,,,,Alan Jackson,,Rapid sports store,,,,Any,,,,,,,Mr.,Yes,,,Active,Active,,,,,,,,
Luisa Cazzaniga,555-0179,,Seattle,U.S.,,,,,,,,,,,WA,6578 Woodhaven Ln.,,,,,,,32098,,,,,,,,,,,,,,,,,,,,,,,,,,,,,,,,,First name Last name,6/26/2007,,,,,,,,Allow,Allow,Allow,Allow,,someone@example.com,,,,,Luisa,,Male,,,,Manager,,Cazzaniga,,,,,,,First name Last name,6/26/2007,,,,Jose Curry,,,,,,E-mail,,,,,,,Mr.,Yes,,,Active,Active,,,Default Value,,,,,
Madeleine Kelly,555-0145,,Monroe,U.S.,,,,,,,,,,,WA,1356 Grove Way,,,,,,,12255,,,,,,,,,,,,,,,,,,,,,,,,,,,,,,,,,First name Last name,6/26/2007,,,,,,,,Allow,Allow,Allow,Allow,,someone@example.com,,,,,Madeleine,,Male,,,,Office Manager,,Kelly,,,,,,,First name Last name,6/26/2007,,,,Jose Curry,,Coalition Bike Company,,,,E-mail,,,,,,,Ms.,Yes,,,Active,Active,,,Default Value,,,,,
Marco Tanara,555-0192,,Renton,U.S.,,,,,,,,,,,WA,7165 Brock Lane,,,,,,,61795,,,,,,,,,,,,,,,,,,,,,,,,,,,,,,,,,First name Last name,6/26/2007,,,,,,,,Allow,Allow,Allow,Allow,,someone@example.com,,,,,Marco,,Male,,,,Purchase assistant,,Tanara,,,,,,,First name Last name,6/26/2007,,,,Alan Jackson,,Roaring bikes,,,,Any,,,,,,,Mr.,Yes,,,Active,Active,,,,,,,,
Maria Hammond,555-0121,,Duvall,U.S.,,,,,,,,,,,WA,5379 Treasure Island Way,14,,,,,,75958,,,,,,,,,,,,,,,,,,,,,,,,,,,,,,,,,First name Last name,6/26/2007,,,,,,,,Allow,Allow,Allow,Allow,,someone@example.com,,,,,Maria,,Female,,,,Office Manager,,Hammond,,,,,,,First name Last name,6/26/2007,,,,Gail Erickson,,Lease-a-Bike Shop,,,,,,,,,,,Ms.,Yes,,,Active,Active,,,,,,,,
Marian Berch,555-0128,,Everett,U.S.,,,,,,,,,,,WA,4098 Woodcrest Dr.,,,,,,,58037,,,,,,,,,,,,,,,,,,,,,,,,,,,,,,,,,First name Last name,6/26/2007,,,,,,,,Do Not Allow,Allow,Do Not Allow,Allow,,someone@example.com,,,,,Marian,,Female,,,,Purchasing Assistant,,Berch,,,,,M.,,First name Last name,6/26/2007,,,,Gail Erickson,,Margie's Travel,,,,Any,,,,,,,Ms.,Yes,,,Active,Active,,,,,,,,
Marie Reinhart,555-0116,,Seattle,U.S.,,,,,,,,,,,WA,5802 Acacia Drive,,,,,,,35516,,,,,,,,,,,,,,,,,,,,,,,,,,,,,,,,,First name Last name,6/26/2007,,,,,,,,Allow,Allow,Allow,Allow,,someone@example.com,,,,,Marie,,Female,,,,Purchasing Assistant,,Reinhart,,,,,,,First name Last name,6/26/2007,,,,Gail Erickson,,Bike-o-maniac store,,,,,,,,,,,Ms.,Yes,,,Active,Active,,,,,,,,
Mark Harrington,555-0180,,Redmond,U.S.,,,,,,,,,,,WA,2482 Buckingham Dr.,,,,,,,17659,,,,,,,,,,,,,,,,,,,,,,,,,,,,,,,,,First name Last name,6/26/2007,,,,,,,,Allow,Allow,Allow,Allow,,someone@example.com,,,,,Mark,,Male,,,,Purchasing Manager,,Harrington,,,,,,,First name Last name,6/26/2007,,,,Jose Curry,,Metropolitan Sports Supply,,,,,,,,,,,Mr.,Yes,,,Active,Active,,,,,,,,
Mark Hassall,555-0171,,Seattle,U.S.,,,,,,,,,,,WA,4598 Manila Avenue,,,,,,,95667,,,,,,,,,,,,,,,,,,,,,,,,,,,,,,,,,First name Last name,6/26/2007,,,,,,,,Allow,Allow,Allow,Allow,,someone@example.com,,,,,Mark,,Male,,,,Purchasing Manager,,Hassall,,,,,,,First name Last name,6/26/2007,,,,Gail Erickson,,More Bikes!,,,,,,,,,,,Mr.,Yes,,,Active,Active,,,,,,,,
Matthew Miller,555-0135,,Everett,U.S.,,,,,,,,,,,WA,475 Santa Maria,,,,,,,49192,,,,,,,,,,,,,,,,,,,,,,,,,,,,,,,,,First name Last name,6/26/2007,,,,,,,,Allow,Allow,Allow,Allow,,someone@example.com,,,,,Matthew,,Male,,,,Office Manager,,Miller,,,,,J.,,First name Last name,6/26/2007,,,,Jose Curry,,The Cracker Box,,,,E-mail,,,,,,,Mr.,Yes,,,Active,Active,,,,,,,,
Megan Davis,555-0165,,Everett,U.S.,,,,,,,,,,,WA,9008 Creekside Drive,,,,,,,33498,,,,,,,,,,,,,,,,,,,,,,,,,,,,,,,,,First name Last name,6/26/2007,,,,,,,,Do Not Allow,Allow,Allow,Allow,,someone@example.com,,,,,Megan,,Female,,,,Purchasing Assistant,,Davis,,,,,N.,,First name Last name,6/26/2007,,,,Gail Erickson,,Rugged Bikes,,,,,,,,,,,Ms.,Yes,,,Active,Active,,,,,,,,
Michael Alexander,555-0138,,Seattle,U.S.,,,,,,,,,,,WA,7616 Honey Court,,,,,,,33639,,,,,,,,,,,,,,,,,,,,,,,,,,,,,,,,,First name Last name,6/26/2007,,,,,,,,Allow,Allow,Allow,Allow,,someone@example.com,,,,,Michael,,Male,,,,Purchasing Assistant,,Alexander,,,,,,,First name Last name,6/26/2007,,,,Jose Curry,,,,,,E-mail,,,,,,,Mr.,Yes,,,Active,Active,,,Default Value,,,,,
Michael Allen,555-0137,,Duvall,U.S.,,,,,,,,,,,WA,9693 Mellowood Street,,,,,,,80387,,,,,,,,,,,,,,,,,,,,,,,,,,,,,,,,,First name Last name,6/26/2007,,,,,,,,Allow,Allow,Allow,Allow,,someone@example.com,,,,,Michael,,Male,,,,Owner,,Allen,,,,,,,First name Last name,6/26/2007,,,,Jose Curry,,Great Bikes,,,,E-mail,,,,,,,Mr.,Yes,,,Active,Active,,,Default Value,,,,,
Michael Fredericksen,555-0132,,Seattle,U.S.,,,,,,,,,,,WA,8290 Margaret Ct.,,,,,,,89764,,,,,,,,,,,,,,,,,,,,,,,,,,,,,,,,,First name Last name,6/26/2007,,,,,,,,Allow,Allow,Allow,Allow,,someone@example.com,,,,,Michael,,Male,,,,Purchasing Assistant,,Fredericksen,,,,,,,First name Last name,6/26/2007,,,,Gail Erickson,,,,,,,,,,,,,Mr.,Yes,,,Active,Active,,,,,,,,
Michael Ruggiero,555-0190,,Duvall,U.S.,,,,,,,,,,,WA,991 Vista Verde,,,,,,,67776,,,,,,,,,,,,,,,,,,,,,,,,,,,,,,,,,First name Last name,6/26/2007,,,,,,,,Allow,Allow,Allow,Allow,,someone@example.com,,,,,Michael,,Male,,,,Purchasing Assistant,,Ruggiero,,,,,,,First name Last name,6/26/2007,,,,Gail Erickson,,Major Sport Suppliers,,,,,,,,,,,Mr.,Yes,,,Active,Active,,,,,,,,
Michael Vanderhyde,555-0142,,Redmond,U.S.,,,,,,,,,,,WA,2137 Birchwood Dr,,,,,,,78214,,,,,,,,,,,,,,,,,,,,,,,,,,,,,,,,,First name Last name,6/26/2007,,,,,,,,Allow,Allow,Allow,Allow,,someone@example.com,,,,,Michael,,Male,,,,Purchasing Assistant,,Vanderhyde,,,,,,,First name Last name,6/26/2007,,,,Jose Curry,,Solid Bike Parts,,,,,,,,,,,Mr.,Yes,,,Active,Active,,,,,,,,
Michel Pereira,555-0135,,Seattle,U.S.,,,,,,,,,,,WA,1619 Stillman Court,,,,,,,90792,,,,,,,,,,,,,,,,,,,,,,,,,,,,,,,,,First name Last name,6/26/2007,,,,,,,,Allow,Allow,Allow,Allow,,someone@example.com,,,,,Michel,,Male,,,,Purchasing Assistant,,Pereira,,,,,,,First name Last name,6/26/2007,,,,Gail Erickson,,Very economic Bikes,,,,,,,,,,,Mr.,Yes,,,Active,Active,,,,,,,,
Mike Hines,555-0135,,Redmond,U.S.,,,,,,,,,,,WA,1275 West Street,,,,,,,93479,,,,,,,,,,,,,,,,,,,,,,,,,,,,,,,,,First name Last name,6/26/2007,,,,,,,,Allow,Allow,Allow,Allow,,someone@example.com,,,,,Mike,,Male,,,,Owner,,Hines,,,,,,,First name Last name,6/26/2007,,,,Jose Curry,,Northwind Traders,,,,,,,,,,,Mr.,Yes,,,Active,Active,,,,,,,,
Mike Miller,555-0165,,Monroe,U.S.,,,,,,,,,,,WA,4734 Sycamore Court,,,,,,,75798,,,,,,,,,,,,,,,,,,,,,,,,,,,,,,,,,First name Last name,6/26/2007,,,,,,,,Allow,Allow,Allow,Allow,,someone@example.com,,,,,Mike,,Female,,,,Purchasing Manager,,Miller,,,,,,,First name Last name,6/26/2007,,,,Jose Curry,,All Cycle Shop,,,,E-mail,,,,,,,Mr.,Yes,,,Active,Active,,,Default Value,,,,,
Mike Ray,555-0149,,Carnation,U.S.,,,,,,,,,,,WA,9752 Jeanne Circle,,,,,,,41297,,,,,,,,,,,,,,,,,,,,,,,,,,,,,,,,,First name Last name,6/26/2007,,,,,,,,Allow,Allow,Allow,Allow,,someone@example.com,,,,,Mike,,Male,,,,Purchasing Assistant,,Ray,,,,,,,First name Last name,6/26/2007,,,,Gail Erickson,,Metro Bike Works,,,,,,,,,,,Mr.,Yes,,,Active,Active,,,,,,,,
Molly Dempsey,555-0154,,Seattle,U.S.,,,,,,,,,,,WA,2354 Frayne Ln.,,,,,,,27962,,,,,,,,,,,,,,,,,,,,,,,,,,,,,,,,,First name Last name,6/26/2007,,,,,,,,Allow,Allow,Allow,Allow,,someone@example.com,,,,,Molly,,Male,,,,Owner,,Dempsey,,,,,,,First name Last name,6/26/2007,,,,Jose Curry,,,,,,E-mail,,,,,,,Mr.,Yes,,,Active,Active,,,Default Value,,,,,
Monika Buschman,555-0128,,Snohomish,U.S.,,,,,,,,,,,WA,4852 Chaparral Court,,,,,,,39243,,,,,,,,,,,,,,,,,,,,,,,,,,,,,,,,,First name Last name,6/26/2007,,,,,,,,Allow,Allow,Allow,Allow,,someone@example.com,,,,,Monika,,Male,,,,Purchasing Manager,,Buschman,,,,,,,First name Last name,6/26/2007,,,,Jose Curry,,Bike Experts,,,,E-mail,,,,,,,Ms.,Yes,,,Active,Active,,,Default Value,,,,,
Nicky Chesnut,555-0121,,Everett,U.S.,,,,,,,,,,,WA,1362 Somerset Place,,,,,,,74830,,,,,,,,,,,,,,,,,,,,,,,,,,,,,,,,,First name Last name,6/26/2007,,,,,,,,Allow,Do Not Allow,Allow,Allow,,someone@example.com,,,,,Nicky,,Female,,,,Purchasing Manager,,Chesnut,,,,,E.,,First name Last name,6/26/2007,,,,Alan Jackson,,Full-Service Bike Store,,,,E-mail,,,,,,,Ms.,Yes,,,Active,Active,,,,,,,,
Nino Olivotto,555-0137,,Issaquah,U.S.,,,,,,,,,,,WA,6580 Piper Ridge Court,,,,,,,55623,,,,,,,,,,,,,,,,,,,,,,,,,,,,,,,,,First name Last name,6/26/2007,,,,,,,,Allow,Allow,Allow,Allow,,someone@example.com,,,,,Nino,,Male,,,,Owner,,Olivotto,,,,,,,First name Last name,6/26/2007,,,,Alan Jackson,,Life-Style bikes,,,,Any,,,,,,,Ms.,Yes,,,Active,Active,,,Default Value,,,,,
oliver Cox,555-0144,,Issaquah,U.S.,,,,,,,,,,,WA,7435 Ricardo,,,,,,,43839,,,,,,,,,,,,,,,,,,,,,,,,,,,,,,,,,First name Last name,6/26/2007,,,,,,,,Allow,Allow,Allow,Allow,,someone@example.com,,,,,oliver,,Male,,,,Purchase assistant,,Cox,,,,,,,First name Last name,6/26/2007,,,,Alan Jackson,,Tuned bikes,,,,Any,,,,,,,Ms.,Yes,,,Active,Active,,,,,,,,
Oscar Alpuerto,555-0192,,Redmond,U.S.,,,,,,,,,,,WA,9906 Oak Grove Road,,,,,,,80803,,,,,,,,,,,,,,,,,,,,,,,,,,,,,,,,,First name Last name,6/26/2007,,,,,,,,Allow,Allow,Allow,Allow,,someone@example.com,,,,,Oscar,,Male,,,,Purchasing Assistant,,Alpuerto,,,,,L.,,First name Last name,6/26/2007,,,,Jose Curry,,Bold Bike Accessories,,,,,,,,,,,Mr.,Yes,,,Active,Active,,,,,,,,
Parul Shah,555-0128,,Issaquah,U.S.,,,,,,,,,,,WA,9314 Indianhead Way,,,,,,,41204,,,,,,,,,,,,,,,,,,,,,,,,,,,,,,,,,First name Last name,6/26/2007,,,,,,,,Allow,Allow,Allow,Allow,,someone@example.com,,,,,Parul,,Male,,,,Purchase assistant,,Shah,,,,,,,First name Last name,6/26/2007,,,,Alan Jackson,,Astonishing bikes,,,,Any,,,,,,,Ms.,Yes,,,Active,Active,,,,,,,,
Pat Busch,555-0165,,Seattle,U.S.,,,,,,,,,,,WA,7439 Laguna Niguel,,,,,,,89592,,,,,,,,,,,,,,,,,,,,,,,,,,,,,,,,,First name Last name,6/26/2007,,,,,,,,Allow,Allow,Allow,Allow,,someone@example.com,,,,,Pat,,Male,,,,Owner,,Busch,,,,,,,First name Last name,6/26/2007,,,,Jose Curry,,,,,,E-mail,,,,,,,Mr.,Yes,,,Active,Active,,,Default Value,,,,,
Patricia Doyle,555-0198,,Everett,U.S.,,,,,,,,,,,WA,2176 Apollo Way,,,,,,,79586,,,,,,,,,,,,,,,,,,,,,,,,,,,,,,,,,First name Last name,6/26/2007,,,,,,,,Allow,Allow,Allow,Allow,,someone@example.com,,,,,Patricia,,Female,,,,Purchasing Assistant,,Doyle,,,,,,,First name Last name,6/26/2007,,,,Gail Erickson,,Racing Bike Outlet,,,,,,,,,,,Ms.,Yes,,,Active,Active,,,,,,,,
Patrick Hines,555-0168,,Seattle,U.S.,,,,,,,,,,,WA,9964 Nridgewood Drive,,,,,,,39132,,,,,,,,,,,,,,,,,,,,,,,,,,,,,,,,,First name Last name,6/26/2007,,,,,,,,Allow,Allow,Allow,Allow,,someone@example.com,,,,,Patrick,,Male,,,,Owner,,Hines,,,,,,,First name Last name,6/26/2007,,,,Gail Erickson,,Special Bikes store,,,,,,,,,,,Mr.,Yes,,,Active,Active,,,,,,,,
Patrick Steiner,555-0154,,Seattle,U.S.,,,,,,,,,,,WA,7765 Sunsine Drive,,,,,,,11910,,,,,,,,,,,,,,,,,,,,,,,,,,,,,,,,,First name Last name,6/26/2007,,,,,,,,Allow,Allow,Allow,Allow,,someone@example.com,,,,,Patrick,,Male,,,,Owner,,Steiner,,,,,,,First name Last name,6/26/2007,,,,Gail Erickson,,,,,,,,,,,,,Mr.,Yes,,,Active,Active,,,,,,,,
Tony Allen,,,,,,,,,,,,,,,,,,,,,,,,,,,,,,,,,,,,,,,,,,,,,,,,,,,,,,,,,,,,,,,,,,,,,,,,,,,Tony,,,,,,,,Allen,,,,,L.,,First name Last name,6/26/2007,,,,Jose Curry,,Major Sport Suppliers,,,,,,,,,,,Mr.,Yes,,,Active,Active,,,,,,,,
Paul Alcorn,555-0142,,Snohomish,U.S.,,,,,,,,,,,WA,4231 Spar Court,,,,,,,25917,,,,,,,,,,,,,,,,,,,,,,,,,,,,,,,,,First name Last name,6/26/2007,,,,,,,,Allow,Allow,Allow,Allow,,someone@example.com,,,,,Paul,,Male,,,,Assistant Manager,,Alcorn,,,,,,,First name Last name,6/26/2007,,,,Jose Curry,,Affordable Sports Equipment,,,,E-mail,,,,,,,Mr.,Yes,,,Active,Active,,,Default Value,,,,,
Paul Komosinski,555-0180,,Issaquah,U.S.,,,,,,,,,,,WA,1144 Paraiso Ct.,,,,,,,16482,,,,,,,,,,,,,,,,,,,,,,,,,,,,,,,,,First name Last name,6/26/2007,,,,,,,,Allow,Allow,Allow,Allow,,someone@example.com,,,,,Paul,,Male,,,,Purchase assistant,,Komosinski,,,,,,,First name Last name,6/26/2007,,,,Alan Jackson,,Reliable sports bikes,,,,Any,,,,,,,Mr.,Yes,,,Active,Active,,,,,,,,
Peggy Justice,555-0176,,Snohomish,U.S.,,,,,,,,,,,WA,5724 Victory Lane,,,,,,,89725,,,,,,,,,,,,,,,,,,,,,,,,,,,,,,,,,First name Last name,6/26/2007,,,,,,,,Allow,Allow,Allow,Allow,,someone@example.com,,,,,Peggy,,Female,,,,Purchasing Assistant,,Justice,,,,,,,First name Last name,6/26/2007,,,,Jose Curry,,Cycles and Scooters,,,,E-mail,,,,,,,Mr.,Yes,,,Active,Active,,,Default Value,,,,,
Wilson Pais,,,,,,,,,,,,,,,,,,,,,,,,,,,,,,,,,,,,,,,,,,,,,,,,,,,,,,,,,,,,,,,,,,,,,,,,,,,Wilson,,,,,,,,Pais,,,,,M,,First name Last name,6/26/2007,,,,Alan Jackson,,Unique bikes,,,,Any,,,,,,,Mr.,Yes,,,Active,Active,,,Default Value,,,,,
Rajesh Patel,555-0135,,Seattle,U.S.,,,,,,,,,,,WA,2639 Anchor Court,,,,,,,80222,,,,,,,,,,,,,,,,,,,,,,,,,,,,,,,,,First name Last name,6/26/2007,,,,,,,,Allow,Allow,Allow,Allow,,someone@example.com,,,,,Rajesh,,Male,,,,Purchasing Assistant,,Patel,,,,,M,,First name Last name,6/26/2007,,,,Gail Erickson,,Cool Ride Store,,,,,,,,,,,Mr.,Yes,,,Active,Active,,,,,,,,
Raman Gahrns,555-0186,,Seattle,U.S.,,,,,,,,,,,WA,426 San Rafael,,,,,,,49779,,,,,,,,,,,,,,,,,,,,,,,,,,,,,,,,,First name Last name,6/26/2007,,,,,,,,Allow,Allow,Allow,Allow,,someone@example.com,,,,,Raman,,Male,,,,Manager,,Gahrns,,,,,,,First name Last name,6/26/2007,,,,Gail Erickson,,,,,,,,,,,,,Mr.,Yes,,,Active,Active,,,,,,,,
Ryan Ihrig,,,,,,,,,,,,,,,,,,,,,,,,,,,,,,,,,,,,,,,,,,,,,,,,,,,,,,,,,,,,,,,,,,,,,,,,,,,Ryan,,,,,,,,Ihrig,,,,,,,First name Last name,6/26/2007,,,,Gail Erickson,,Mountain Toy Store,,,,,,,,,,,Mr.,Yes,,,Active,Active,,,,,,,,
Raman Iyer,555-0132,,Everett,U.S.,,,,,,,,,,,WA,9241 St George Dr.,,,,,,,53889,,,,,,,,,,,,,,,,,,,,,,,,,,,,,,,,,First name Last name,6/26/2007,,,,,,,,Allow,Allow,Allow,Allow,,someone@example.com,,,,,Raman,,Male,,,,Owner,,Iyer,,,,,,,First name Last name,6/26/2007,,,,Jose Curry,,Grand Cycle Store,,,,E-mail,,,,,,,Mr.,Yes,,,Active,Active,,,,,,,,
Ranjit Chudukatil,555-0163,,Duvall,U.S.,,,,,,,,,,,WA,8463 Alhambra Avenue,,,,,,,49181,,,,,,,,,,,,,,,,,,,,,,,,,,,,,,,,,First name Last name,6/26/2007,,,,,,,,Allow,Allow,Allow,Allow,,someone@example.com,,,,,Ranjit,,Male,,,,Manager,,Chudukatil,,,,,,,First name Last name,6/26/2007,,,,Jose Curry,,Village Tours,,,,E-mail,,,,,,,Mr.,Yes,,,Active,Active,,,Default Value,,,,,
Ray Chow,555-0167,,Monroe,U.S.,,,,,,,,,,,WA,158 Walnut Ave,,,,,,,47116,,,,,,,,,,,,,,,,,,,,,,,,,,,,,,,,,First name Last name,6/26/2007,,,,,,,,Allow,Allow,Allow,Allow,,someone@example.com,,,,,Ray,,Female,,,,Purchasing Assistant,,Chow,,,,,,,First name Last name,6/26/2007,,,,Jose Curry,,Elemental Sporting Goods,,,,E-mail,,,,,,,Mr.,Yes,,,Active,Active,,,Default Value,,,,,
Reshma Patel,555-0132,,Issaquah,U.S.,,,,,,,,,,,WA,9530 Vine Lane,,,,,,,60253,,,,,,,,,,,,,,,,,,,,,,,,,,,,,,,,,First name Last name,6/26/2007,,,,,,,,Allow,Allow,Allow,Allow,,someone@example.com,,,,,Reshma,,Male,,,,Purchase assistant,,Patel,,,,,,,First name Last name,6/26/2007,,,,Alan Jackson,,Variety bikes,,,,Any,,,,,,,Ms.,Yes,,,Active,Active,,,,,,,,
Richard Martins,555-0138,,Seattle,U.S.,,,,,,,,,,,WA,1398 Yorba Linda,,,,,,,85058,,,,,,,,,,,,,,,,,,,,,,,,,,,,,,,,,First name Last name,6/26/2007,,,,,,,,Allow,Allow,Allow,Allow,,someone@example.com,,,,,Richard,,Male,,,,Purchasing Assistant,,Martins,,,,,,,First name Last name,6/26/2007,,,,Gail Erickson,,,,,,,,,,,,,Mr.,Yes,,,Active,Active,,,,,,,,
Richard Tupy,555-0149,,Newport Hills,U.S.,,,,,,,,,,,WA,4350 Mota Dr.,,,,,,,35950,,,,,,,,,,,,,,,,,,,,,,,,,,,,,,,,,First name Last name,6/26/2007,,,,,,,,Allow,Allow,Allow,Allow,,someone@example.com,,,,,Richard,,Male,,,,Purchasing Manager,,Tupy,,,,,,,First name Last name,6/26/2007,,,,Alan Jackson,,Fun Toys and Bikes,,,,E-mail,,,,,,,Mr.,Yes,,,Active,Active,,,,,,,,
Robert Ahlering,555-0135,,Redmond,U.S.,,,,,,,,,,,WA,1019 Kenwal Rd.,,,,,,,82017,,,,,,,,,,,,,,,,,,,,,,,,,,,,,,,,,First name Last name,6/26/2007,,,,,,,,Do Not Allow,Allow,Allow,Allow,,someone@example.com,,,,,Robert,,Male,,,,Owner,,Ahlering,,,,,E.,,First name Last name,6/26/2007,,,,Jose Curry,,Fun Toys and Bikes,,,,,,,,,,,Mr.,Yes,,,Active,Active,,,,,,,,
Robin Counts,555-0152,,Duvall,U.S.,,,,,,,,,,,WA,8209 Green View Court,,,,,,,28634,,,,,,,,,,,,,,,,,,,,,,,,,,,,,,,,,First name Last name,6/26/2007,,,,,,,,Allow,Allow,Allow,Allow,,someone@example.com,,,,,Robin,,Male,,,,Office Manager,,Counts,,,,,,,First name Last name,6/26/2007,,,,Jose Curry,,Trailblazing Sports,,,,E-mail,,,,,,,Mr.,Yes,,,Active,Active,,,Default Value,,,,,
Sairaj Uddin,555-0145,,Renton,U.S.,,,,,,,,,,,WA,1378 Stimel Dr,,,,,,,91255,,,,,,,,,,,,,,,,,,,,,,,,,,,,,,,,,First name Last name,6/26/2007,,,,,,,,Allow,Allow,Allow,Allow,,someone@example.com,,,,,Sairaj,,Male,,,,Purchase assistant,,Uddin,,,,,,,First name Last name,6/26/2007,,,,Alan Jackson,,Unusual sports store,,,,Any,,,,,,,Mr.,Yes,,,Active,Active,,,,,,,,
Scott Cooper,555-0136,,Snohomish,U.S.,,,,,,,,,,,WA,3114 Notre Dame Ave.,,,,,,,27430,,,,,,,,,,,,,,,,,,,,,,,,,,,,,,,,,First name Last name,6/26/2007,,,,,,,,Allow,Allow,Allow,Allow,,someone@example.com,,,,,Scott,,Male,,,,Owner,,Cooper,,,,,,,First name Last name,6/26/2007,,,,Jose Curry,,Distinctive Cycles Sales and Service,,,,E-mail,,,,,,,Mr.,Yes,,,Active,Active,,,Default Value,,,,,
Scott Gode,555-0104,,Everett,U.S.,,,,,,,,,,,WA,7640 First Ave.,,,,,,,73980,,,,,,,,,,,,,,,,,,,,,,,,,,,,,,,,,First name Last name,6/26/2007,,,,,,,,Allow,Allow,Allow,Allow,,someone@example.com,,,,,Scott,,Male,,,,Purchasing Assistant,,Gode,,,,,,,First name Last name,6/26/2007,,,,Alan Jackson,,Year-round Sports,,,,Any,,,,,,,Mr.,Yes,,,Active,Active,,,,,,,,
Scott Konersmann,555-0151,,Sammamish,U.S.,,,,,,,,,,,WA,4096 San Remo,,,,,,,14079,,,,,,,,,,,,,,,,,,,,,,,,,,,,,,,,,First name Last name,6/26/2007,,,,,,,,Allow,Allow,Allow,Allow,,someone@example.com,,,,,Scott,,Male,,,,Owner,,Konersmann,,,,,,,First name Last name,6/26/2007,,,,Jose Curry,,Specialty Sports Store,,,,,,,,,,,Mr.,Yes,,,Active,Active,,,,,,,,
Scott Mitchell,555-1010,,Gold Bar,U.S.,,,,,,,,,,,WA,213 Kirkwood Drive,,,,,,,47668,,,,,,,,,,,,,,,,,,,,,,,,,,,,,,,,,First name Last name,6/26/2007,,,,,,,,Allow,Allow,Allow,Allow,,someone@example.com,,,,,Scott,,Male,,,,Purchase assistant,,Mitchell,,,,,,,First name Last name,6/26/2007,,,,Alan Jackson,,Traveller's Stores,,,,Any,,,,,,,Mr.,Yes,,,Active,Active,,,,,,,,
Sean Chai,555-0161,,Duvall,U.S.,,,,,,,,,,,WA,3977 Central Avenue,,,,,,,53703,,,,,,,,,,,,,,,,,,,,,,,,,,,,,,,,,First name Last name,6/26/2007,,,,,,,,Allow,Allow,Allow,Allow,,someone@example.com,,,,,Sean,,Male,,,,Assistant Manager,,Chai,,,,,,,First name Last name,6/26/2007,,,,Jose Curry,,Rally Day Mall,,,,E-mail,,,,,,,Mr.,Yes,,,Active,Active,,,Default Value,,,,,
Sharon Crow,555-0106,,Redmond,U.S.,,,,,,,,,,,WA,2383 Pepper Drive,,,,,,,51181,,,,,,,,,,,,,,,,,,,,,,,,,,,,,,,,,First name Last name,6/26/2007,,,,,,,,Allow,Allow,Do Not Allow,Allow,,someone@example.com,,,,,Sharon,,Female,,,,Purchasing Manager,,Crow,,,,,A.,,First name Last name,6/26/2007,,,,Jose Curry,,Grand Cycle Store,,,,E-mail,,,,,,,Ms.,Yes,,,Active,Active,,,,,,,,
Simon Pearson,555-0133,,Seattle,U.S.,,,,,,,,,,,WA,1220 Bradford Way,,,,,,,69451,,,,,,,,,,,,,,,,,,,,,,,,,,,,,,,,,First name Last name,6/26/2007,,,,,,,,Allow,Allow,Allow,Allow,,someone@example.com,,,,,Simon,,Male,,,,Owner,,Pearson,,,,,,,First name Last name,6/26/2007,,,,Gail Erickson,,Sporty Store,,,,,,,,,,,Mr.,Yes,,,Active,Active,,,,,,,,
Stacie Mcanich,555-0137,,Everett,U.S.,,,,,,,,,,,WA,3928 San Francisco,,,,,,,51809,,,,,,,,,,,,,,,,,,,,,,,,,,,,,,,,,First name Last name,6/26/2007,,,,,,,,Allow,Allow,Allow,Allow,,someone@example.com,,,,,Stacie,,Male,,,,Office Manager,,Mcanich,,,,,K.,,First name Last name,6/26/2007,,,,Jose Curry,,Scooters and Bikes Store,,,,E-mail,,,,,,,Ms.,Yes,,,Active,Active,,,,,,,,
Stefan Hesse,555-0127,,Seattle,U.S.,,,,,,,,,,,WA,5125 Cunha Ct.,,,,,,,73813,,,,,,,,,,,,,,,,,,,,,,,,,,,,,,,,,First name Last name,6/26/2007,,,,,,,,Allow,Allow,Allow,Allow,,someone@example.com,,,,,Stefan,,Male,,,,Purchasing Manager,,Hesse,,,,,,,First name Last name,6/26/2007,,,,Gail Erickson,,Bikes unlimited,,,,,,,,,,,Mr.,Yes,,,Active,Active,,,,,,,,
Sten Faerch,555-0106,,Newport Hills,U.S.,,,,,,,,,,,WA,8967 Hamilton Ave.,,,,,,,42055,,,,,,,,,,,,,,,,,,,,,,,,,,,,,,,,,First name Last name,6/26/2007,,,,,,,,Allow,Allow,Allow,Allow,,someone@example.com,,,,,Sten,,Male,,,,Purchasing Manager,,Faerch,,,,,,,First name Last name,6/26/2007,,,,Alan Jackson,,Friendly Neighborhood Bikes,,,,Any,,,,,,,Mr.,Yes,,,Active,Active,,,,,,,,
Stephan Adolphi,555-0165,,Seattle,U.S.,,,,,,,,,,,WA,5666 Hazelnut Lane,,,,,,,62507,,,,,,,,,,,,,,,,,,,,,,,,,,,,,,,,,First name Last name,6/26/2007,,,,,,,,Allow,Allow,Allow,Allow,,someone@example.com,,,,,Stephan,,Male,,,,Purchasing Assistant,,Adolphi,,,,,,,First name Last name,6/26/2007,,,,Gail Erickson,,Teamplayer sports goods,,,,,,,,,,,Mr.,Yes,,,Active,Active,,,,,,,,
Sunil Koduri,555-0199,,Seattle,U.S.,,,,,,,,,,,WA,3029 Arnold Dr,#2,,,,,,95806,,,,,,,,,,,,,,,,,,,,,,,,,,,,,,,,,First name Last name,6/26/2007,,,,,,,,Allow,Allow,Allow,Allow,,someone@example.com,,,,,Sunil,,Male,,,,Owner,,Koduri,,,,,,,First name Last name,6/26/2007,,,,Gail Erickson,,Finished sports goods,,,,,,,,,,,Mr.,Yes,,,Active,Active,,,,,,,,
Susan Burk,555-0142,,Seattle,U.S.,,,,,,,,,,,WA,931 Corte De Luna,,,,,,,79465,,,,,,,,,,,,,,,,,,,,,,,,,,,,,,,,,First name Last name,6/26/2007,,,,,,,,Allow,Allow,Allow,Allow,,someone@example.com,,,,,Susan,,Male,,,,Owner,,Burk,,,,,,,First name Last name,6/26/2007,,,,Jose Curry,,,,,,E-mail,,,,,,,Ms.,Yes,,,Active,Active,,,Default Value,,,,,
Sven Freitag,555-0199,,Gold Bar,U.S.,,,,,,,,,,,WA,8036 Summit View Dr.,,,,,,,95509,,,,,,,,,,,,,,,,,,,,,,,,,,,,,,,,,First name Last name,6/26/2007,,,,,,,,Allow,Allow,Allow,Allow,,someone@example.com,,,,,Sven,,Male,,,,Purchase assistant,,Freitag,,,,,,,First name Last name,6/26/2007,,,,Alan Jackson,,Black Sports Goods,,,,Any,,,,,,,Mr.,Yes,,,Active,Active,,,,,,,,
Syed Abbas,555-0135,,Everett,U.S.,,,,,,,,,,,WA,8624 Pepperidge Way,,,,,,,90961,,,,,,,,,,,,,,,,,,,,,,,,,,,,,,,,,First name Last name,6/26/2007,,,,,,,,Allow,Allow,Allow,Allow,,someone@example.com,,,,,Syed,,Male,,,,Purchasing Manager,,Abbas,,,,,,,First name Last name,6/26/2007,,,,Gail Erickson,,Next-Door Bike Store,,,,,,,,,,,Mr.,Yes,,,Active,Active,,,,,,,,
Teresa Atkinson,555-0187,,Snohomish,U.S.,,,,,,,,,,,WA,591 Merriewood Drive,,,,,,,88762,,,,,,,,,,,,,,,,,,,,,,,,,,,,,,,,,First name Last name,6/26/2007,,,,,,,,Allow,Allow,Allow,Allow,,someone@example.com,,,,,Teresa,,Female,,,,Manager,,Atkinson,,,,,,,First name Last name,6/26/2007,,,,Jose Curry,,Daring Rides,,,,E-mail,,,,,,,Ms.,Yes,,,Active,Active,,,Default Value,,,,,
Terry Adams,555-0139,,Monroe,U.S.,,,,,,,,,,,WA,4566 La Jolla,,,,,,,22084,,,,,,,,,,,,,,,,,,,,,,,,,,,,,,,,,First name Last name,6/26/2007,,,,,,,,Allow,Allow,Allow,Allow,,someone@example.com,,,,,Terry,,Female,,,,Owner,,Adams,,,,,,,First name Last name,6/26/2007,,,,Jose Curry,,Certified Bicycle Supply,,,,E-mail,,,,,,,Mr.,Yes,,,Active,Active,,,Default Value,,,,,
Terry Earls,555-0123,,Renton,U.S.,,,,,,,,,,,WA,9495 Limewood Place,,,,,,,76051,,,,,,,,,,,,,,,,,,,,,,,,,,,,,,,,,First name Last name,6/26/2007,,,,,,,,Allow,Allow,Allow,Allow,,someone@example.com,,,,,Terry,,Male,,,,Purchase assistant,,Earls,,,,,,,First name Last name,6/26/2007,,,,Alan Jackson,,Diving Bikes,,,,Any,,,,,,,Mr.,Yes,,,Active,Active,,,Default Value,,,,,
Thomas Axen,555-0180,,Seattle,U.S.,,,,,,,,,,,WA,7842 Ygnacio Valley Road,,,,,,,12150,,,,,,,,,,,,,,,,,,,,,,,,,,,,,,,,,First name Last name,6/26/2007,,,,,,,,Allow,Allow,Allow,Allow,,someone@example.com,,,,,Thomas,,Male,,,,Purchasing Manager,,Axen,,,,,,,First name Last name,6/26/2007,,,,Gail Erickson,,On the Go Sports Store,,,,,,,,,,,Mr.,Yes,,,Active,Active,,,,,,,,
Thomas Jensen,555-0106,,Seattle,U.S.,,,,,,,,,,,WA,7126 Edie Ct.,,,,,,,77125,,,,,,,,,,,,,,,,,,,,,,,,,,,,,,,,,First name Last name,6/26/2007,,,,,,,,Allow,Allow,Allow,Allow,,someone@example.com,,,,,Thomas,,Male,,,,Office Manager,,Jensen,,,,,,,First name Last name,6/26/2007,,,,Gail Erickson,,Modular Cycle Systems,,,,,,,,,,,Mr.,Yes,,,Active,Active,,,,,,,,
Tom Youtsey,555-0135,,Index,U.S.,,,,,,,,,,,WA,1245 Clayton Road,,,,,,,72923,,,,,,,,,,,,,,,,,,,,,,,,,,,,,,,,,First name Last name,6/26/2007,,,,,,,,Allow,Allow,Allow,Allow,,someone@example.com,,,,,Tom,,Male,,,,Purchase assistant,,Youtsey,,,,,,,First name Last name,6/26/2007,,,,Alan Jackson,,Fantastic bikes,,,,Any,,,,,,,Mr.,Yes,,,Active,Active,,,Default Value,,,,,
Tommy Hartono,555-0135,,Carnation,U.S.,,,,,,,,,,,WA,3074 Ardith Drive,,,,,,,30346,,,,,,,,,,,,,,,,,,,,,,,,,,,,,,,,,First name Last name,6/26/2007,,,,,,,,Allow,Allow,Allow,Allow,,someone@example.com,,,,,Tommy,,Male,,,,Purchasing Manager,,Hartono,,,,,,,First name Last name,6/26/2007,,,,Gail Erickson,,Many Bikes Store,,,,,,,,,,,Mr.,Yes,,,Active,Active,,,,,,,,
Tosh Meston,555-0136,,Monroe,U.S.,,,,,,,,,,,WA,9652 Los Angeles,,,,,,,36888,,,,,,,,,,,,,,,,,,,,,,,,,,,,,,,,,First name Last name,6/26/2007,,,,,,,,Allow,Allow,Allow,Allow,,someone@example.com,,,,,Tosh,,Female,,,,Manager,,Meston,,,,,,,First name Last name,6/26/2007,,,,Jose Curry,,Brown Bicycle Company,,,,E-mail,,,,,,,Mr.,Yes,,,Active,Active,,,Default Value,,,,,
Twanna Evans,555-0133,,Redmond,U.S.,,,,,,,,,,,WA,9322 Dianda Drive,,,,,,,91957,,,,,,,,,,,,,,,,,,,,,,,,,,,,,,,,,First name Last name,6/26/2007,,,,,,,,Allow,Allow,Allow,Allow,,someone@example.com,,,,,Twanna,,Female,,,,Purchasing Assistant,,Evans,,,,,R.,,First name Last name,6/26/2007,,,,Jose Curry,,Vast Bike Sales and Rental,,,,Phone,,,,,,,Ms.,Yes,,,Active,Active,,,,,,,,
Vasco Veiga,555-0192,,Newport Hills,U.S.,,,,,,,,,,,WA,9297 Kenston Dr.,,,,,,,60392,,,,,,,,,,,,,,,,,,,,,,,,,,,,,,,,,First name Last name,6/26/2007,,,,,,,,Allow,Allow,Allow,Allow,,someone@example.com,,,,,Vasco,,Male,,,,Purchasing Manager,,Veiga,,,,,,,First name Last name,6/26/2007,,,,Alan Jackson,,Mobile Outlet,,,,Any,,,,,,,Mr.,Yes,,,Active,Active,,,,,,,,
Vassar Stern,555-1010,,Redmond,U.S.,,,,,,,,,,,WA,7297 Rosalinda,,,,,,,96741,,,,,,,,,,,,,,,,,,,,,,,,,,,,,,,,,First name Last name,6/26/2007,,,,,,,,Do Not Allow,Allow,Allow,Allow,,someone@example.com,,,,,Vassar,,Male,,,,Purchasing Manager,,Stern,,,,,J.,,First name Last name,6/26/2007,,,,Jose Curry,,Transport Bikes,,,,E-mail,,,,,,,Mr.,Yes,,,Active,Active,,,,,,,,
Venky Krishnan,555-0142,,Seattle,U.S.,,,,,,,,,,,WA,2144 San Rafael,,,,,,,63996,,,,,,,,,,,,,,,,,,,,,,,,,,,,,,,,,First name Last name,6/26/2007,,,,,,,,Allow,Allow,Allow,Allow,,someone@example.com,,,,,Venky,,Male,,,,Owner,,Krishnan,,,,,,,First name Last name,6/26/2007,,,,Gail Erickson,,Women's Bike store,,,,,,,,,,,Mr.,Yes,,,Active,Active,,,,,,,,
Vidur Luthra,555-0135,,Renton,U.S.,,,,,,,,,,,WA,2598 Breck Court,,,,,,,64723,,,,,,,,,,,,,,,,,,,,,,,,,,,,,,,,,First name Last name,6/26/2007,,,,,,,,Allow,Allow,Allow,Allow,,someone@example.com,,,,,Vidur,,Male,,,,Purchase assistant,,Luthra,,,,,,,First name Last name,6/26/2007,,,,Alan Jackson,,Twin Brothers Bikes,,,,Any,,,,,,,Mr.,Yes,,,Active,Active,,,,,,,,
Vong William,555-0154,,Monroe,U.S.,,,,,,,,,,,WA,4775 Kentucky Dr.,,,,,,,84558,,,,,,,,,,,,,,,,,,,,,,,,,,,,,,,,,First name Last name,6/26/2007,,,,,,,,Allow,Allow,Allow,Allow,,someone@example.com,,,,,Vong,,Male,,,,Purchasing Assistant,,William,,,,,,,First name Last name,6/26/2007,,,,Jose Curry,,Convenient Bike Shop,,,,E-mail,,,,,,,Mr.,Yes,,,Active,Active,,,Default Value,,,,,
Wei Yu,555-0160,,Issaquah,U.S.,,,,,,,,,,,WA,3333 Maureen Circle,,,,,,,40819,,,,,,,,,,,,,,,,,,,,,,,,,,,,,,,,,First name Last name,6/26/2007,,,,,,,,Allow,Allow,Allow,Allow,,someone@example.com,,,,,Wei,,Male,,,,Owner,,Yu,,,,,,,First name Last name,6/26/2007,,,,Alan Jackson,,Magnificent bikes store,,,,Any,,,,,,,Mr.,Yes,,,Active,Active,,,Default Value,,,,,
David Johnson,,,,,,,,,,,,,,,,,,,,,,,,,,,,,,,,,,,,,,,,,,,,,,,,,,,,,,,,,,,,,,,,,,,,,,,,,,,David,,,,,,,,Johnson,,,,,,,First name Last name,6/26/2007,,,,Jose Curry,,Eleventh Bike Store,,,,E-mail,,,,,,,Mr.,Yes,,,Active,Active,,,Default Value,,,,,
Willis Johnson,555-0145,,Seattle,U.S.,,,,,,,,,,,WA,3243 Buckingham Dr.,#207,,,,,,64884,,,,,,,,,,,,,,,,,,,,,,,,,,,,,,,,,First name Last name,6/26/2007,,,,,,,,Allow,Allow,Allow,Allow,,someone@example.com,,,,,Willis,,Male,,,,Purchasing Assistant,,Johnson,,,,,,,First name Last name,6/26/2007,,,,Gail Erickson,,Trendy sport goods,,,,,,,,,,,Mr.,Yes,,,Active,Active,,,,,,,,
Y Wong,555-0168,,Index,U.S.,,,,,,,,,,,WA,3514 Sinaloa,,,,,,,49083,,,,,,,,,,,,,,,,,,,,,,,,,,,,,,,,,First name Last name,6/26/2007,,,,,,,,Allow,Allow,Allow,Allow,,someone@example.com,,,,,Y,,Male,,,,Purchase assistant,,Wong,,,,,L,,First name Last name,6/26/2007,,,,Alan Jackson,,Amuzing bikes,,,,Any,,,,,,,Mr.,Yes,,,Active,Active,,,Default Value,,,,,
Yvette Joubert,555-0186,,Seattle,U.S.,,,,,,,,,,,WA,7127 Morengo Court,,,,,,,10972,,,,,,,,,,,,,,,,,,,,,,,,,,,,,,,,,First name Last name,6/26/2007,,,,,,,,Allow,Allow,Allow,Allow,,someone@example.com,,,,,Yvette,,Male,,,,Manager,,Joubert,,,,,,,First name Last name,6/26/2007,,,,Jose Curry,,,,,,E-mail,,,,,,,Mr.,Yes,,,Active,Active,,,Default Value,,,,,
Yvonne McKay,555-0156,,Monroe,U.S.,,,,,,,,,,,WA,896 Southdale,,,,,,,68972,,,,,,,,,,,,,,,,,,,,,,,,,,,,,,,,,First name Last name,6/26/2007,,,,,,,,Allow,Allow,Allow,Allow,,someone@example.com,,,,,Yvonne,,Male,,,,Owner,,McKay,,,,,,,First name Last name,6/26/2007,,,,Jose Curry,,Another Bicycle Company,,,,E-mail,,,,,,,Mr.,Yes,,,Active,Active,,,Default Value,,,,,
